Date,Car accident
January,306
February,293
March,401
April,397
May,381
June,362
July,410
August,425
September,423
October,402
November,319
December,302
January,344
February,321
March,418
April,403
May,352
June,428
July,497
August,502
September,415
October,380
November,358
December,352
January,376
February,312
March,380
April,394
May,424
June,380
July,485
August,450
September,417
October,406
November,299
December,321
January,391
February,348
March,400
April,424
May,369
June,336
July,446
August,450
September,401
October,394
November,347
December,277
January,287
February,252
March,308
April,372
May,369
June,387
July,502
August,465
September,388
October,421
November,357
December,339
January,366
February,290
March,373
April,368
May,397
June,424
July,455
August,525
September,455
October,392
November,356
December,403
January,360
February,309
March,375
April,350
May,397
June,375
July,456
August,465
September,422
October,420
November,391
December,355
January,384
February,399
March,408
April,433
May,444
June,423
July,473
August,439
September,406
October,397
November,375
December,326
January,315
February,333
March,431
April,331
May,341
June,356
July,393
August,362
September,376
October,377
November,356
December,316
January,253
February,257
March,299
April,287
May,293
June,317
July,353
August,356
September,289
October,245
November,218
December,110
January,289
February,254
March,297
April,320
May,282
June,371
July,338
August,315
September,310
October,253
November,230
December,213
January,353
February,346
March,414
April,390
May,350
June,464
July,329
August,410
September,363
October,391
November,357
December,382
